<?xml version="1.0" standalone="no" ?>

<manifest identifier="com.ieseljust.depinf.cicle.modul.tema" version="1"
         xmlns="http://www.imsproject.org/xsd/imscp_rootv1p1p2"
         xmlns:adlcp="http://www.adlnet.org/xsd/adlcp_rootv1p2"
         xmlns:xsi="http://www.w3.org/2001/XMLSchema-instance"
         xsi:schemaLocation="http://www.imsproject.org/xsd/imscp_rootv1p1p2 imscp_rootv1p1p2.xsd
                             http://www.imsglobal.org/xsd/imsmd_rootv1p2p1 imsmd_rootv1p2p1.xsd
                             http://www.adlnet.org/xsd/adlcp_rootv1p2 adlcp_rootv1p2.xsd">

    <metadata>
        <schema>ADL SCORM</schema>
        <schemaversion>1.2</schemaversion>
    </metadata>

    <organizations default="com_ieseljust_depinf_cicle_modul_tema">
		<organization identifier="com_ieseljust_depinf_cicle_modul_tema">
			<title>Exemple per generar un curs SCORM</title>
			<item identifier="item_0" identifierref="resource_0">
				<title>Markdown</title>
			</item>
			<item identifier="item_1" identifierref="resource_1">
				<title>Pandoc</title>
			</item>
			<item identifier="item_2" identifierref="resource_2">
				<title>YAML</title>
			</item>

        </organization>
    </organizations>
<resources>
		<resource identifier="resource_0" type="webcontent" adlcp:scormtype="sco" href="content/Markdown.html" />
		<resource identifier="resource_1" type="webcontent" adlcp:scormtype="sco" href="content/IntroPandoc.html" />
		<resource identifier="resource_2" type="webcontent" adlcp:scormtype="sco" href="content/YAML.html" />
</resources>
</manifest>
