<?xml version="1.0" standalone="no" ?>

<manifest identifier="es.gva.cefire.valencia.md" version="1"
         xmlns="http://www.imsproject.org/xsd/imscp_rootv1p1p2"
         xmlns:adlcp="http://www.adlnet.org/xsd/adlcp_rootv1p2"
         xmlns:xsi="http://www.w3.org/2001/XMLSchema-instance"
         xsi:schemaLocation="http://www.imsproject.org/xsd/imscp_rootv1p1p2 imscp_rootv1p1p2.xsd
                             http://www.imsglobal.org/xsd/imsmd_rootv1p2p1 imsmd_rootv1p2p1.xsd
                             http://www.adlnet.org/xsd/adlcp_rootv1p2 adlcp_rootv1p2.xsd">

    <metadata>
        <schema>ADL SCORM</schema>
        <schemaversion>1.2</schemaversion>
    </metadata>

    <organizations default="es_gva_cefire_valencia_md">
		<organization identifier="es_gva_cefire_valencia_md">
			<title>Introducció a Markdown</title>
			<item identifier="item_0" identifierref="resource_0">
				<title>1. El llenguatge Markdown</title>
			</item>
			<item identifier="item_1" identifierref="resource_1">
				<title>2. Edició de fitxers amb Markdown</title>
			</item>
			<item identifier="item_2" identifierref="resource_2">
				<title>3. Correcció ortogràfica</title>
			</item>

        </organization>
    </organizations>
<resources>
		<resource identifier="resource_0" type="webcontent" adlcp:scormtype="sco" href="content/1.Markdown.html" />
		<resource identifier="resource_1" type="webcontent" adlcp:scormtype="sco" href="content/2.Edició.html" />
		<resource identifier="resource_2" type="webcontent" adlcp:scormtype="sco" href="content/3.Corrector.html" />
</resources>
</manifest>
